baseline,task,model,fold,accuracy,precision,recall,f1,rmse,mae,pearson_r
tfidf,classification,lr,0,0.7647058823529411,0.7785714285714285,0.7708333333333333,0.7638888888888888,,,
tfidf,classification,lr,1,0.7878787878787878,0.788888888888889,0.7867647058823529,0.7870967741935484,,,
tfidf,classification,lr,2,0.7878787878787878,0.8181818181818181,0.7830882352941176,0.7806267806267806,,,
tfidf,classification,lr,3,0.7272727272727273,0.7277777777777777,0.7261029411764706,0.7262672811059908,,,
tfidf,classification,lr,4,0.7575757575757576,0.7555555555555555,0.7555555555555555,0.7555555555555555,,,
tfidf,classification,svc,0,0.7058823529411765,0.7083333333333333,0.7083333333333333,0.7058823529411765,,,
tfidf,classification,svc,1,0.7878787878787878,0.788888888888889,0.7867647058823529,0.7870967741935484,,,
tfidf,classification,svc,2,0.8181818181818182,0.8233082706766917,0.8161764705882353,0.8166666666666667,,,
tfidf,classification,svc,3,0.696969696969697,0.7,0.6985294117647058,0.6966911764705883,,,
tfidf,classification,svc,4,0.7272727272727273,0.7261029411764706,0.7277777777777777,0.7262672811059908,,,
tfidf,classification,ridge,0,0.7647058823529411,0.7673611111111112,0.7673611111111112,0.7647058823529411,,,
tfidf,classification,ridge,1,0.7878787878787878,0.788888888888889,0.7867647058823529,0.7870967741935484,,,
tfidf,classification,ridge,2,0.8484848484848485,0.8500000000000001,0.8474264705882353,0.847926267281106,,,
tfidf,classification,ridge,3,0.6666666666666666,0.6672794117647058,0.6672794117647058,0.6666666666666666,,,
tfidf,classification,ridge,4,0.7272727272727273,0.7261029411764706,0.7277777777777777,0.7262672811059908,,,
tfidf,regression,lr,0,,,,,5.426500600659612,4.12248618773644,0.6109011019236962
tfidf,regression,lr,1,,,,,5.703536005306735,4.508159457049263,0.6350254344086766
tfidf,regression,lr,2,,,,,6.5061619576595335,5.277533999281853,0.4460583474321942
tfidf,regression,lr,3,,,,,5.659209817991335,4.425230539092383,0.5509262658790143
tfidf,regression,lr,4,,,,,6.176991670714753,5.099967322849267,0.5192427615867472
tfidf,regression,ridge,0,,,,,5.2263131333016855,4.297955740567534,0.7018693965264502
tfidf,regression,ridge,1,,,,,5.677133494249658,4.581402380770439,0.6632832719562382
tfidf,regression,ridge,2,,,,,5.882774498147356,4.7504920007557745,0.5508566753033888
tfidf,regression,ridge,3,,,,,5.682913445730192,4.831844641411582,0.5689519040530844
tfidf,regression,ridge,4,,,,,5.944479487965811,5.226600815193191,0.5863176982148801
