baseline,embedding_model,task,model,fold,accuracy,precision,recall,f1,rmse,mae,pearson_r
embedding_sentence-transformers_all-mpnet-base-v2,sentence-transformers/all-mpnet-base-v2,classification,lr,0,0.6764705882352942,0.6764705882352942,0.6770833333333333,0.6761904761904762,,,
embedding_sentence-transformers_all-mpnet-base-v2,sentence-transformers/all-mpnet-base-v2,classification,lr,1,0.7878787878787878,0.7886029411764706,0.7886029411764706,0.7878787878787878,,,
embedding_sentence-transformers_all-mpnet-base-v2,sentence-transformers/all-mpnet-base-v2,classification,lr,2,0.6666666666666666,0.7362637362637363,0.6580882352941176,0.6329625884732053,,,
embedding_sentence-transformers_all-mpnet-base-v2,sentence-transformers/all-mpnet-base-v2,classification,lr,3,0.6060606060606061,0.625,0.5992647058823529,0.5814634146341464,,,
embedding_sentence-transformers_all-mpnet-base-v2,sentence-transformers/all-mpnet-base-v2,classification,lr,4,0.7272727272727273,0.7255639097744361,0.7222222222222222,0.723205964585275,,,
embedding_sentence-transformers_all-mpnet-base-v2,sentence-transformers/all-mpnet-base-v2,classification,svc,0,0.7058823529411765,0.7083333333333333,0.7083333333333333,0.7058823529411765,,,
embedding_sentence-transformers_all-mpnet-base-v2,sentence-transformers/all-mpnet-base-v2,classification,svc,1,0.8181818181818182,0.8222222222222222,0.8198529411764706,0.8180147058823529,,,
embedding_sentence-transformers_all-mpnet-base-v2,sentence-transformers/all-mpnet-base-v2,classification,svc,2,0.6666666666666666,0.7362637362637363,0.6580882352941176,0.6329625884732053,,,
embedding_sentence-transformers_all-mpnet-base-v2,sentence-transformers/all-mpnet-base-v2,classification,svc,3,0.6060606060606061,0.625,0.5992647058823529,0.5814634146341464,,,
embedding_sentence-transformers_all-mpnet-base-v2,sentence-transformers/all-mpnet-base-v2,classification,svc,4,0.7272727272727273,0.7261029411764706,0.7277777777777777,0.7262672811059908,,,
embedding_sentence-transformers_all-mpnet-base-v2,sentence-transformers/all-mpnet-base-v2,classification,ridge,0,0.6764705882352942,0.6754385964912281,0.6736111111111112,0.6739319965126417,,,
embedding_sentence-transformers_all-mpnet-base-v2,sentence-transformers/all-mpnet-base-v2,classification,ridge,1,0.7878787878787878,0.7969924812030075,0.7904411764705883,0.7870967741935484,,,
embedding_sentence-transformers_all-mpnet-base-v2,sentence-transformers/all-mpnet-base-v2,classification,ridge,2,0.6666666666666666,0.7013888888888888,0.6599264705882353,0.6458536585365854,,,
embedding_sentence-transformers_all-mpnet-base-v2,sentence-transformers/all-mpnet-base-v2,classification,ridge,3,0.6363636363636364,0.6428571428571428,0.6323529411764706,0.6278195488721805,,,
embedding_sentence-transformers_all-mpnet-base-v2,sentence-transformers/all-mpnet-base-v2,classification,ridge,4,0.7575757575757576,0.7591911764705883,0.7611111111111111,0.7573529411764706,,,
embedding_sentence-transformers_all-mpnet-base-v2,sentence-transformers/all-mpnet-base-v2,regression,lr,0,,,,,6.755259011786025,4.96388578414917,0.47073701846532895
embedding_sentence-transformers_all-mpnet-base-v2,sentence-transformers/all-mpnet-base-v2,regression,lr,1,,,,,7.790251521166695,6.851081038966323,0.46175996611882986
embedding_sentence-transformers_all-mpnet-base-v2,sentence-transformers/all-mpnet-base-v2,regression,lr,2,,,,,7.7526071621858605,5.859883915294301,0.4064428765655019
embedding_sentence-transformers_all-mpnet-base-v2,sentence-transformers/all-mpnet-base-v2,regression,lr,3,,,,,7.347358986990925,5.754251566800204,0.35524183528356706
embedding_sentence-transformers_all-mpnet-base-v2,sentence-transformers/all-mpnet-base-v2,regression,lr,4,,,,,7.129958017204448,5.878476749766957,0.29604112873679417
embedding_sentence-transformers_all-mpnet-base-v2,sentence-transformers/all-mpnet-base-v2,regression,ridge,0,,,,,5.927719750904829,4.90368579415714,0.530603297374646
embedding_sentence-transformers_all-mpnet-base-v2,sentence-transformers/all-mpnet-base-v2,regression,ridge,1,,,,,6.5559215075626796,5.804490060517282,0.42978518825001405
embedding_sentence-transformers_all-mpnet-base-v2,sentence-transformers/all-mpnet-base-v2,regression,ridge,2,,,,,6.326728205033234,4.9875413143273555,0.4173745246892232
embedding_sentence-transformers_all-mpnet-base-v2,sentence-transformers/all-mpnet-base-v2,regression,ridge,3,,,,,6.188418691327233,5.534182115034624,0.4326517180681156
embedding_sentence-transformers_all-mpnet-base-v2,sentence-transformers/all-mpnet-base-v2,regression,ridge,4,,,,,6.531948930084889,5.8835524356726445,0.44126118371379364
